,stepstone_W12,indeed_W12,jobbörse_W12,arbeitsamt_W12,bewerbung_W12,stepstone_W34prev,indeed_W34prev,jobbörse_W34prev,arbeitsamt_W34prev,bewerbung_W34prev,Unemp,month
2011-07-31,52.0,16.5,88.5,85.5,86.5,51.5,15.0,83.0,82.5,77.0,7.0,7
2011-08-31,54.0,15.5,93.5,79.5,73.0,52.333333333333336,15.666666666666666,87.0,82.66666666666667,70.33333333333333,7.0,8
2011-09-30,52.5,16.5,95.0,79.0,73.5,54.0,15.5,91.5,81.5,71.5,6.6,9
2011-10-31,51.5,18.5,86.5,78.5,71.0,55.5,17.0,91.0,79.0,76.0,6.5,10
2011-11-30,80.0,19.5,72.5,78.0,69.0,53.333333333333336,18.333333333333332,71.33333333333333,74.33333333333333,67.33333333333333,6.4,11
2011-12-31,72.5,18.0,65.0,57.5,59.5,97.5,18.0,70.5,60.5,65.5,6.6,12
2012-01-31,97.0,21.333333333333332,83.66666666666667,69.0,71.66666666666667,61.0,17.0,55.0,44.0,40.0,7.3,1
2012-02-29,83.0,24.0,94.0,64.5,75.5,91.0,23.0,96.5,71.5,75.5,7.4,2
2012-03-31,84.0,25.5,84.5,63.0,72.0,84.5,25.5,89.5,69.0,75.5,7.2,3
2012-04-30,69.5,21.5,63.5,53.5,57.0,78.5,24.0,76.0,64.5,67.5,7.0,4
2012-05-31,71.5,23.5,65.0,52.0,66.5,75.0,24.333333333333332,66.33333333333333,57.666666666666664,64.66666666666667,6.7,5
2012-06-30,74.0,23.0,75.0,58.0,69.0,73.0,23.0,66.5,55.5,65.5,6.6,6
2012-07-31,77.0,25.5,73.5,63.0,92.0,76.5,24.5,80.0,64.0,79.0,6.8,7
2012-08-31,80.5,26.5,69.5,64.5,70.0,78.66666666666667,25.666666666666668,68.33333333333333,64.33333333333333,68.0,6.8,8
2012-09-30,79.5,27.0,73.5,63.5,72.5,79.5,24.5,73.0,65.0,71.0,6.5,9
2012-10-31,79.5,31.5,79.5,72.0,67.0,74.0,28.0,69.33333333333333,74.33333333333333,70.0,6.5,10
2012-11-30,75.0,32.0,84.5,59.5,65.5,76.5,31.0,77.5,55.5,61.0,6.5,11
2012-12-31,68.0,29.5,66.0,52.5,53.5,76.0,31.0,77.0,59.5,63.0,6.7,12
2013-01-31,83.0,37.5,82.0,65.5,76.0,53.333333333333336,24.666666666666668,51.333333333333336,40.333333333333336,42.0,7.4,1
2013-02-28,83.5,36.5,82.0,81.0,72.5,81.0,36.0,84.0,70.5,76.5,7.4,2
2013-03-31,81.5,40.0,94.5,76.5,68.5,88.0,38.5,93.0,82.5,75.5,7.3,3
2013-04-30,88.0,44.0,91.0,67.0,68.0,80.0,38.333333333333336,82.0,61.666666666666664,61.0,7.1,4
2013-05-31,74.0,38.0,75.0,51.5,61.5,77.33333333333333,40.333333333333336,80.33333333333333,55.333333333333336,64.0,6.8,5
2013-06-30,85.0,43.0,79.0,74.0,69.5,74.5,40.0,73.0,51.0,63.5,6.6,6
2013-07-31,80.0,47.0,84.0,62.0,100.0,80.33333333333333,45.333333333333336,83.66666666666667,74.0,79.66666666666667,6.8,7
2013-08-31,83.0,46.0,84.0,60.0,74.0,80.66666666666667,45.666666666666664,82.33333333333333,61.0,68.0,6.8,8
2013-09-30,83.5,46.5,77.0,63.0,72.5,85.0,46.5,81.5,64.0,69.5,6.6,9
2013-10-31,83.0,47.5,76.5,65.0,71.0,79.33333333333333,44.666666666666664,73.0,58.333333333333336,70.33333333333333,6.5,10
2013-11-30,85.0,50.0,83.0,61.5,69.5,81.0,47.5,82.0,65.5,66.5,6.5,11
2013-12-31,70.0,44.0,69.0,48.5,60.0,77.5,48.0,75.5,52.0,66.5,6.7,12
2014-01-31,82.5,54.0,88.0,64.0,81.5,53.666666666666664,34.666666666666664,51.333333333333336,37.333333333333336,43.333333333333336,7.3,1
2014-02-28,81.5,59.5,83.0,60.5,78.5,83.0,55.0,84.0,65.0,74.5,7.3,2
2014-03-31,81.5,61.5,86.5,70.5,69.5,86.0,59.0,83.0,73.5,75.5,7.1,3
2014-04-30,89.0,64.0,90.0,54.0,67.0,87.66666666666667,61.333333333333336,87.0,67.66666666666667,68.0,6.8,4
2014-05-31,82.0,61.5,82.0,56.5,71.5,78.33333333333333,57.666666666666664,69.33333333333333,46.0,59.333333333333336,6.6,5
2014-06-30,78.5,57.5,72.0,50.0,67.0,77.0,59.0,76.0,50.0,66.5,6.5,6
2014-07-31,79.0,61.5,74.5,60.0,85.5,81.0,60.333333333333336,74.33333333333333,60.0,75.33333333333333,6.6,7
2014-08-31,86.5,64.5,79.5,50.5,69.5,80.5,63.5,78.0,61.0,70.0,6.7,8
2014-09-30,80.0,63.0,76.0,48.0,71.0,89.66666666666667,64.66666666666667,78.66666666666667,54.333333333333336,69.66666666666667,6.5,9
2014-10-31,79.5,67.0,80.5,53.5,68.0,78.66666666666667,64.33333333333333,79.0,55.333333333333336,71.0,6.3,10
2014-11-30,75.0,81.0,76.0,49.0,65.0,83.0,68.0,76.5,52.0,67.5,6.3,11
2014-12-31,71.0,87.0,69.0,35.0,55.0,75.33333333333333,85.0,69.66666666666667,43.666666666666664,60.666666666666664,6.4,12
2015-01-31,80.0,79.5,84.5,51.5,79.5,47.666666666666664,57.666666666666664,51.0,31.0,39.666666666666664,7.0,1
2015-02-28,81.5,98.0,83.0,46.5,75.0,79.0,95.0,83.5,49.0,79.5,6.9,2
2015-03-31,81.5,91.0,83.0,67.0,69.0,81.5,91.5,85.0,66.5,74.5,6.8,3
2015-04-30,74.0,85.0,72.0,51.0,58.5,75.0,84.66666666666667,76.0,63.0,61.0,6.5,4
2015-05-31,69.5,81.5,68.0,39.5,62.0,72.5,80.5,72.0,49.5,61.0,6.3,5
2015-06-30,76.0,83.0,76.5,44.5,71.5,71.33333333333333,81.33333333333333,71.33333333333333,41.0,66.66666666666667,6.2,6
2015-07-31,74.0,84.0,75.5,46.0,90.5,72.5,81.0,69.5,46.0,80.5,6.3,7
2015-08-31,67.5,83.5,69.5,52.0,65.5,77.0,84.0,71.0,60.0,67.5,6.4,8
2015-09-30,71.0,84.0,79.5,47.5,70.0,72.66666666666667,81.33333333333333,75.66666666666667,56.0,69.0,6.2,9
2015-10-31,73.0,90.0,79.5,40.5,66.0,71.0,85.5,79.5,45.5,69.5,6.0,10
2015-11-30,70.0,92.0,81.5,42.5,64.0,68.5,88.0,77.0,41.0,66.0,6.0,11
2015-12-31,62.34939759036145,83.58823529411764,61.24719101123595,39.65217391304348,56.417910447761194,66.0,84.33333333333333,67.66666666666667,40.333333333333336,61.0,6.1,12
2016-01-31,70.24698795180723,77.61764705882352,53.70224719101124,44.8695652173913,71.46268656716418,49.602409638554214,60.27450980392157,43.4943820224719,31.304347826086957,38.23880597014926,6.7,1
2016-02-29,70.66265060240964,83.58823529411764,55.03370786516854,43.826086956521735,68.64179104477611,69.0,85.86274509803921,54.7378277153558,47.07246376811594,69.26865671641792,6.6,2
2016-03-31,67.33734939759037,80.17647058823529,55.92134831460674,48.69565217391305,64.41044776119404,65.67469879518072,85.29411764705881,55.47752808988764,52.8695652173913,70.99253731343285,6.5,3
2016-04-30,58.19277108433735,75.91176470588235,56.365168539325836,40.69565217391305,63.0,56.53012048192771,77.61764705882354,50.151685393258425,38.95652173913044,56.417910447761194,6.3,4
2016-05-31,50.29518072289157,73.35294117647058,44.382022471910105,36.52173913043478,60.17910447761194,58.60843373493976,75.05882352941177,50.151685393258425,41.73913043478261,64.41044776119404,6.0,5
2016-06-30,50.295180722891565,72.5,44.38202247191011,37.21739130434783,63.0,50.98795180722892,72.7843137254902,45.86142322097378,38.4927536231884,63.0,5.9,6
2016-07-31,49.87951807228916,71.6470588235294,44.82584269662921,43.826086956521735,78.51492537313433,47.8012048192771,75.05882352941177,44.82584269662921,42.78260869565217,66.76119402985074,6.0,7
2016-08-31,49.87951807228916,76.76470588235294,48.82022471910112,39.65217391304348,62.059701492537314,49.87951807228916,72.7843137254902,46.74906367041198,45.91304347826087,60.49253731343284,6.1,8
2016-09-30,52.78915662650603,77.61764705882354,44.82584269662921,40.347826086956516,67.23134328358209,50.71084337349398,84.72549019607841,47.04494382022472,41.7391304347826,63.94029850746269,5.9,9
2016-10-31,50.295180722891565,76.76470588235294,39.9438202247191,38.95652173913044,57.35820895522389,51.9578313253012,79.3235294117647,43.050561797752806,42.78260869565217,64.88059701492537,5.8,10
2016-11-30,52.78915662650603,87.0,42.1629213483146,43.13043478260869,56.4179104477612,52.09638554216867,82.45098039215686,41.12734082397003,40.11594202898551,57.67164179104478,5.7,11
2016-12-31,47.80120481927711,70.79411764705881,39.9438202247191,41.73913043478261,54.06716417910448,51.5421686746988,75.05882352941177,40.387640449438194,43.826086956521735,52.656716417910445,5.8,12
2017-01-31,56.1144578313253,80.17647058823529,53.258426966292134,42.78260869565217,66.2910447761194,34.915662650602414,56.294117647058826,30.179775280898873,31.652173913043477,36.67164179104478,6.3,1
2017-02-28,59.43975903614458,86.1470588235294,48.82022471910112,42.086956521739125,72.87313432835822,57.638554216867476,85.29411764705883,50.59550561797752,47.07246376811594,71.1492537313433,6.3,2
2017-03-31,58.60843373493976,88.70588235294117,43.938202247191015,39.30434782608695,61.11940298507463,56.114457831325296,86.1470588235294,44.82584269662921,44.8695652173913,65.35074626865672,6.0,3
2017-04-30,52.78915662650603,81.02941176470588,38.61235955056179,37.565217391304344,52.18656716417911,60.68674698795181,91.26470588235293,43.49438202247191,41.04347826086956,56.88805970149254,5.8,4
2017-05-31,54.036144578313255,85.29411764705883,43.050561797752806,44.52173913043478,60.649253731343286,52.65060240963856,77.33333333333333,38.76029962546816,37.333333333333336,52.343283582089555,5.6,5
2017-06-30,50.29518072289157,84.44117647058823,38.168539325842694,43.130434782608695,60.649253731343286,49.04819277108434,79.3235294117647,35.949438202247194,41.73913043478261,55.007462686567166,5.5,6
2017-07-31,54.86746987951807,85.29411764705883,43.49438202247191,44.52173913043478,84.6268656716418,52.78915662650603,81.88235294117646,44.38202247191011,47.30434782608695,64.88059701492537,5.6,7
2017-08-31,64.01204819277109,92.97058823529412,50.59550561797752,37.565217391304344,61.11940298507463,59.855421686746986,83.01960784313725,45.86142322097378,40.811594202898554,62.37313432835821,5.7,8
2017-09-30,64.8433734939759,90.41176470588235,54.58988764044943,41.391304347826086,60.17910447761194,64.01204819277109,92.97058823529412,54.146067415730336,42.434782608695656,59.7089552238806,5.5,9
2017-10-31,62.76506024096386,98.94117647058823,48.376404494382015,36.52173913043478,57.82835820895522,62.34939759036145,109.17647058823529,51.03932584269663,43.826086956521735,60.649253731343286,5.4,10
2017-11-30,62.34939759036145,105.76470588235293,51.48314606741573,34.086956521739125,58.29850746268657,59.855421686746986,99.50980392156862,49.70786516853932,36.17391304347826,53.91044776119403,5.3,11
2017-12-31,56.53012048192771,87.85294117647058,45.26966292134831,34.43478260869565,50.30597014925373,58.19277108433735,93.8235294117647,49.264044943820224,36.173913043478265,54.53731343283582,5.3,12
2018-01-31,69.83132530120481,107.47058823529412,56.80898876404494,43.130434782608695,70.5223880597015,46.0,81.88235294117646,38.76029962546816,31.53623188405797,40.11940298507463,5.8,1
2018-02-28,67.75301204819277,97.23529411764706,54.58988764044943,38.26086956521739,63.00000000000001,67.33734939759036,103.49019607843137,58.288389513108605,41.971014492753625,65.82089552238806,5.7,2
2018-03-31,70.24698795180723,100.6470588235294,58.14044943820224,38.60869565217391,58.768656716417915,71.49397590361446,104.05882352941175,56.80898876404494,42.43478260869565,63.0,5.5,3
2018-04-30,61.933734939759034,91.26470588235293,47.93258426966292,34.086956521739125,51.246268656716424,66.50602409638554,91.26470588235293,49.264044943820224,35.47826086956522,53.59701492537314,5.3,4
2018-05-31,61.51807228915663,85.29411764705881,43.93820224719101,31.652173913043477,49.83582089552239,67.33734939759036,93.8235294117647,48.52434456928839,35.94202898550725,53.59701492537314,5.1,5
2018-06-30,64.42771084337349,89.55882352941177,48.376404494382015,36.52173913043478,58.29850746268657,60.2710843373494,86.1470588235294,40.8314606741573,32.34782608695652,52.18656716417911,5.0,6
2018-07-31,65.25903614457832,91.26470588235294,45.71348314606742,35.130434782608695,70.05223880597015,62.34939759036145,89.55882352941177,45.71348314606742,36.869565217391305,58.768656716417915,5.1,7
2018-08-31,63.596385542168676,87.0,44.38202247191011,32.347826086956516,56.4179104477612,60.96385542168675,88.13725490196077,42.6067415730337,34.086956521739125,53.28358208955223,5.2,8
2018-09-30,60.68674698795181,90.41176470588235,45.71348314606742,33.73913043478261,57.35820895522389,61.10240963855422,91.26470588235293,46.157303370786515,35.130434782608695,57.35820895522389,5.0,9
2018-10-31,61.51807228915663,93.8235294117647,43.49438202247191,36.17391304347826,55.47761194029851,60.40963855421686,91.54901960784314,42.90262172284644,32.92753623188406,56.7313432835821,4.9,10
2018-11-30,61.51807228915663,142.44117647058823,43.49438202247191,34.78260869565217,54.06716417910448,59.57831325301205,126.23529411764706,42.01498127340824,31.768115942028988,52.343283582089555,4.8,11
2018-12-31,53.62048192771084,115.1470588235294,37.7247191011236,32.0,46.54477611940299,57.77710843373494,125.38235294117646,39.5,34.434782608695656,48.42537313432836,4.9,12
2019-01-31,73.98795180722891,164.61764705882354,45.71348314606742,39.652173913043484,64.88059701492537,44.89156626506025,97.23529411764706,27.812734082397,29.217391304347824,33.53731343283582,5.3,1
2019-02-28,70.66265060240963,161.20588235294116,45.71348314606742,38.60869565217391,59.23880597014926,68.5843373493976,164.61764705882354,46.60112359550561,42.78260869565217,63.0,5.3,2
2019-03-31,66.92168674698794,136.47058823529412,41.7191011235955,35.47826086956522,53.126865671641795,68.16867469879517,156.94117647058823,44.38202247191011,38.26086956521739,56.88805970149254,5.1,3
2019-04-30,64.01204819277109,126.23529411764706,40.8314606741573,34.78260869565217,50.776119402985074,67.89156626506023,134.19607843137254,42.31086142322096,38.492753623188406,50.776119402985074,4.9,4
2019-05-31,64.01204819277109,147.55882352941177,38.61235955056179,33.73913043478261,50.30597014925373,57.36144578313253,112.01960784313725,34.02621722846442,29.217391304347824,42.3134328358209,4.9,5
2019-06-30,57.77710843373494,131.35294117647058,33.28651685393258,33.73913043478261,47.95522388059702,59.43975903614458,135.61764705882354,32.84269662921348,33.391304347826086,48.42537313432837,4.9,6
2019-07-31,61.51807228915663,138.17647058823528,36.39325842696629,41.04347826086956,66.76119402985076,59.3012048192771,125.09803921568626,33.43445692883895,38.724637681159415,53.59701492537314,5.0,7
2019-08-31,55.6987951807229,133.05882352941177,34.61797752808989,36.52173913043478,49.365671641791046,56.25301204819277,126.80392156862744,34.02621722846442,38.95652173913044,50.149253731343286,5.1,8
2019-09-30,56.53012048192771,134.76470588235293,36.83707865168539,39.30434782608695,50.776119402985074,57.36144578313253,139.88235294117646,35.50561797752809,38.26086956521739,52.18656716417911,4.9,9
2019-10-31,58.608433734939766,151.8235294117647,35.061797752808985,39.65217391304348,47.485074626865675,54.03614457831325,136.47058823529412,33.73033707865168,45.449275362318836,52.343283582089555,4.8,10
2019-11-30,55.6987951807229,165.47058823529412,33.28651685393258,38.60869565217391,48.42537313432836,56.114457831325296,156.94117647058823,32.39887640449438,35.826086956521735,46.07462686567165,4.8,11
2019-12-31,50.681746987951804,136.57720588235293,31.18736714242332,34.90160183066361,42.20764925373135,54.036144578313255,158.6470588235294,31.51123595505618,36.17391304347826,44.66417910447761,4.9,12
2020-01-31,62.51981927710843,171.8828781512605,37.66474339508048,48.787185354691076,58.28675373134328,37.24060240963855,101.58123249299717,22.550865472213786,29.272311212814643,29.925,5.3,1
2020-02-29,65.84927710843374,180.24474789915965,35.98542362587307,40.90617848970251,51.58712686567164,62.889759036144575,166.30829831932772,36.70513209839052,50.66361556064072,57.281809701492534,5.3,2
2020-03-31,61.41,151.44275210084032,31.42726996659581,39.02974828375285,44.8875,66.58915662650602,170.95378151260502,34.30610385666566,39.78032036613272,50.917164179104475,5.1,3
2020-04-30,37.3639156626506,88.2641806722689,19.672031582143944,28.146453089244847,26.798507462686565,37.98048192771084,100.3424369747899,20.311772446603907,61.29672006102211,29.255037313432837,5.8,4
2020-05-31,46.61240963855421,111.49159663865545,25.669602186456117,39.40503432494279,40.53274253731343,41.06331325301205,100.3424369747899,23.03067112055876,35.276887871853546,33.83311567164179,6.1,5
2020-06-30,48.46210843373494,118.92436974789915,28.308533252353477,32.274599542334094,45.22248134328358,43.89951807228916,111.49159663865544,26.38931065897358,34.02593440122044,40.421082089552236,6.2,6
2020-07-31,53.27132530120482,126.35714285714283,32.14697843911327,34.90160183066361,53.59701492537313,51.4216265060241,122.640756302521,30.947464318250834,37.52860411899313,50.247201492537314,6.3,7
2020-08-31,49.94186746987951,122.640756302521,26.38931065897358,29.272311212814643,45.89244402985075,50.311807228915654,117.99527310924368,28.548436076525967,33.77574370709382,47.23236940298507,6.4,8
2020-09-30,52.531445783132526,157.94642857142856,31.667172790768298,27.771167048054917,54.936940298507466,51.29831325301205,143.7002801120448,30.38769106184837,33.5255530129672,58.28675373134328,6.2,9
2020-10-31,56.60078313253012,143.08088235294116,30.227755845733373,29.647597254004573,44.8875,55.984216867469875,151.75245098039215,31.027431926308328,32.77498093058734,50.69384328358209,6.0,10
2020-11-30,51.4216265060241,131.93172268907563,28.068630428180988,27.771167048054917,41.53768656716418,52.16150602409638,132.86081932773106,28.548436076525967,29.647597254004573,42.87761194029851,5.9,11
2020-12-31,42.17313253012048,105.91701680672269,23.510476768903736,24.768878718535465,34.83805970149254,48.58542168674699,125.11834733893556,26.069440226743595,26.270022883295194,39.751119402985076,5.9,12
2021-01-31,53.27132530120481,124.49894957983192,26.149407834801096,27.395881006864986,44.552518656716416,34.77433734939759,79.90231092436973,16.31339204372912,20.01525553012967,26.1285447761194,6.3,1
2021-02-28,47.352289156626505,115.2079831932773,23.99028241724871,24.768878718535465,42.87761194029851,52.53144578313253,128.8347338935574,26.869116307318553,31.023646071700984,48.013992537313435,6.3,2
2021-03-31,47.352289156626505,135.64810924369746,25.429699362283632,24.018306636155604,42.20764925373134,52.03819277108434,130.69292717086833,26.38931065897358,27.020594965675055,44.887499999999996,6.2,3
2021-04-30,45.13265060240964,116.13707983193277,22.790768296386275,22.141876430205947,36.51296641791045,44.39277108433735,118.3049719887955,23.190606336673753,25.019069412662088,38.41119402985075,6.0,4
2021-05-31,42.543072289156626,106.84611344537814,21.591254175523837,21.016018306636155,35.17304104477612,51.4216265060241,117.9952731092437,23.270573944731247,23.64302059496567,38.857835820895524,5.9,5
2021-06-30,43.28295180722891,109.63340336134453,22.071059823868815,23.26773455377574,34.83805970149254,43.15963855421686,105.91701680672269,20.951513311063874,21.266209000762775,36.17798507462686,5.7,6
2021-07-31,45.50259036144578,107.7752100840336,23.03067112055876,26.27002288329519,40.53274253731343,44.39277108433735,119.8534663865546,23.03067112055876,26.27002288329519,37.517910447761196,5.6,7
2021-08-31,44.39277108433735,104.98792016806722,20.63164287883389,25.51945080091533,36.847947761194035,45.13265060240964,106.84611344537814,21.831156999696326,25.51945080091533,38.52285447761194,5.6,8
2021-09-30,51.051686746987954,124.49894957983193,23.270573944731247,25.51945080091533,42.54263059701492,47.845542168674704,114.58858543417365,21.911124607753823,28.021357742181536,37.07126865671642,5.4,9
2021-10-31,56.97072289156627,131.93172268907563,23.270573944731247,26.27002288329519,40.19776119402985,51.4216265060241,125.42804621848738,23.750379593076225,27.771167048054917,39.527798507462684,5.2,10
2021-11-30,52.531445783132526,117.06617647058823,20.151837230488916,26.27002288329519,37.517910447761196,57.957228915662654,120.16316526610643,21.431318959408845,26.019832189168568,37.96455223880597,5.1,11
2021-12-31,49.94186746987951,104.05882352941175,17.99271181293653,24.76887871853547,32.828171641791045,52.03819277108434,106.53641456582632,17.752808988764045,23.768115942028984,34.391417910447764,5.1,12
2022-01-31,58.45048192771084,133.78991596638656,19.432128757971455,27.395881006864986,49.24225746268657,43.652891566265055,85.47689075630251,13.434558153659278,20.64073226544622,25.458582089552237,5.4,1
2022-02-28,58.45048192771084,137.5063025210084,19.911934406316426,24.018306636155604,49.91222014925373,57.46397590361446,139.36449579831933,19.991902014373924,27.270785659801675,50.24720149253731,5.3,2
2022-03-31,50.31180722891566,138.43539915966386,18.95232310962648,23.26773455377574,43.54757462686567,49.57192771084337,131.93172268907563,19.192225933798966,24.76887871853547,45.22248134328358,5.1,3
2022-04-30,45.872530120481926,121.71165966386553,16.073489219556635,21.766590389016017,36.51296641791045,51.4216265060241,134.719012605042,18.472517461281505,24.393592677345538,39.192817164179104,5.0,4
2022-05-31,49.57192771084337,126.35714285714283,17.033100516246584,24.018306636155604,39.52779850746269,45.872530120481926,131.93172268907563,16.793197692074095,24.018306636155604,36.84794776119403,4.9,5
2022-06-30,47.352289156626505,115.2079831932773,14.154266626176739,22.89244851258581,36.51296641791045,47.105662650602405,123.87955182072828,15.03391031480919,23.267734553775743,37.29458955223881,5.2,6
2022-07-31,55.49096385542168,122.640756302521,16.313392043729124,26.64530892448512,46.22742537313433,51.79156626506024,121.71165966386553,15.353780747039174,26.64530892448512,38.857835820895524,5.4,7
2022-08-31,51.05168674698795,122.640756302521,15.833586395384149,25.51945080091533,36.84794776119403,52.03819277108433,119.54376750700278,14.394169450349224,25.26926010678871,35.284701492537316,5.6,8
2022-09-30,53.64126506024096,128.21533613445376,15.113877922866687,25.51945080091533,39.527798507462684,54.504457831325304,128.8347338935574,15.833586395384147,27.270785659801675,36.84794776119403,5.4,9
2022-10-31,54.01120481927711,126.35714285714285,14.394169450349226,24.018306636155604,37.18292910447761,55.49096385542168,127.2862394957983,14.8739750986942,27.020594965675052,39.862779850746264,5.3,10
2022-11-30,55.12102409638554,131.93172268907563,14.634072274521714,24.018306636155604,38.857835820895524,55.49096385542168,127.59593837535012,13.914363802004251,24.518688024408846,36.624626865671644,5.3,11
2022-12-31,46.982349397590355,105.91701680672267,12.235044032796843,23.643020594965673,32.158208955223884,51.4216265060241,113.34978991596637,12.954752505314303,24.393592677345534,33.498134328358205,5.4,12
2023-01-31,59.560301204819275,133.78991596638656,17.51290616459156,28.52173913043478,45.55746268656716,38.47373493975904,77.11502100840335,10.795627087761918,21.391304347826086,23.113712686567162,5.7,1
